{"schemaVersion":"1.0","appDefinitionTemplate":{"id":"/providers/Microsoft.PowerApps/apps/","type":"Microsoft.PowerApps/apps","tags":{"primaryDeviceWidth":"1366","primaryDeviceHeight":"768","supportsPortrait":"true","supportsLandscape":"true","primaryFormFactor":"Tablet","showStatusBar":"true","publisherVersion":"3.25064.3","minimumRequiredApiVersion":"2.2.0","hasComponent":"true","hasUnlockedComponent":"true","isUnifiedRootApp":"false","sienaVersion":"20250711T065032Z-3.25064.3.0"},"properties":{"appVersion":"2025-07-11T06:50:32Z","lifeCycleId":"Published","createdByClientVersion":{"major":3,"minor":25064,"build":3,"revision":0,"majorRevision":0,"minorRevision":0},"minClientVersion":{"major":3,"minor":25064,"build":3,"revision":0,"majorRevision":0,"minorRevision":0},"backgroundColor":"RGBA(0,176,240,1)","backgroundImageUri":"/15468502490311196156/Nf21569db-cf07-4117-b70a-2405c4f3da83-logoSmallFile","displayName":"RealmeStore","description":"New P/S/U/DashBoard Done","commitMessage":"","appUris":{"documentUri":{"value":"/15468502490311196156/N779c98bf-4452-4fab-a20c-8bbaf2bbda82-document.msapp"},"imageUris":[],"additionalUris":[{"isSolutionAware":false,"value":"/15468502490311196156/N39958863-7190-437d-8cb9-fa91c39e686c-identity.json"}]},"createdTime":"0001-01-01T00:00:00Z","lastModifiedTime":"0001-01-01T00:00:00Z","sharedGroupsCount":0,"sharedUsersCount":0,"connectionReferences":{"c4a4df25-c812-4189-b247-699d9f42094b":{"id":"0c76b537-ea12-46f9-9a54-ded22140b160","displayName":"SharePoint","iconUri":"https://conn-afd-prod-endpoint-bmc9bqahasf3grgk.b01.azurefd.net/v1.0.1754/1.0.1754.4231/sharepointonline/icon.png","dataSources":["Realme","Cascading","StoreEmployees","ProductInventory"],"dependencies":[],"dependents":[],"parameterHints":{},"parameterHintsV2":{},"isOnPremiseConnection":false,"bypassConsent":false,"dataSets":{"https://v25bh.sharepoint.com/sites/Realme":{"dataSources":{"Realme":{"tableName":"86adf321-16a2-4481-9439-46ce9fa170e3"},"Cascading":{"tableName":"eccb9463-c0c6-4f6d-bc68-d9b6295377f3"},"StoreEmployees":{"tableName":"4a3cb730-14c0-4266-bc0c-828c6706c503"},"ProductInventory":{"tableName":"c403b931-a600-4af0-b099-221ce3329255"}}}},"apiTier":"Standard","isCustomApiConnection":false,"actions":["providers/PowerPlatform.Governance/Operations/Read","providers/PowerPlatform.Governance/Operations/Write"]}},"databaseReferences":{},"almMode":"Environment","performanceOptimizationEnabled":true,"canConsumeAppPass":false,"enableModernRuntimeMode":false,"executionRestrictions":{"isTeamsOnly":false,"dataLossPreventionEvaluationResult":{"status":"Compliant","lastEvaluationDate":"2025-02-25T19:15:31.2550598Z","violations":[],"violationsByPolicy":[],"violationErrorMessage":"The app uses the following connectors: ."}}},"isAppComponentLibrary":false,"appType":"ClassicCanvasApp","appComponents":[]}}